match_id,date,team1,team2,group,stage,elo_gap,rivalry_score,chaos_combined,form_combined,star_combined,match_importance,elo_gap_norm,elo_closeness,rivalry_norm,entertainment_score,hype_bonus,category
1,12/06/2026,Mexico,South Africa,Group A,group stage,209.79999999999995,0.0,0.5388127853881278,0.6785714285714286,0.25,0.4,0.5092322643343054,0.49076773566569465,0.0,0.3719303553123793,0.0,Skip
2,12/06/2026,Korea Republic,Czechia,Group A,group stage,116.70000000000005,0.0,0.5891846936730218,0.6785714285714286,0.25,0.4,0.2830417881438294,0.7169582118561706,0.0,0.43351516518848776,0.0,Optional
3,13/06/2026,Canada,Bosnia and Herzegovina,Group B,group stage,185.0,0.0,0.5186721991701245,0.6428571428571429,0.25,0.4,0.44897959183673497,0.551020408163265,0.0,0.381408036243543,0.0,Optional
4,13/06/2026,USA,Paraguay,Group D,group stage,50.399999999999864,0.0,0.4475022968173653,0.5357142857142858,0.4375,0.4,0.12196307094266284,0.8780369290573371,0.0,0.5109558905174995,0.0,Worth Watching
5,14/06/2026,Qatar,Switzerland,Group B,group stage,146.29999999999995,0.0,0.6009665706842938,0.5357142857142858,0.1875,0.4,0.35495626822157456,0.6450437317784254,0.0,0.38055401858446436,0.0,Optional
6,14/06/2026,Brazil,Morocco,Group C,group stage,19.200000000000045,0.0,0.36158741105294506,0.8571428571428572,0.75,0.4,0.04616132167152629,0.9538386783284737,0.0,0.7028326964016987,0.04,Must Watch
7,14/06/2026,Haiti,Scotland,Group C,group stage,94.0,0.0,0.5318197207881592,0.6428571428571429,0.0625,0.4,0.2278911564625854,0.7721088435374146,0.0,0.3723698972488838,0.0,Skip
8,14/06/2026,Australia,Türkiye,Group D,group stage,0.599999999999909,0.0,0.726027397260274,0.75,0.25,0.4,0.0009718172983481313,0.9990281827016518,0.0,0.5248597854014404,0.0,Worth Watching
9,14/06/2026,Germany,Curaçao,Group E,group stage,336.0,0.0,0.631156060446119,0.6785714285714287,0.3125,0.4,0.8158406219630712,0.18415937803692883,0.0,0.326387593410987,0.0,Skip
10,15/06/2026,Netherlands,Japan,Group F,group stage,0.1999999999998181,0.0,0.34545454545454535,0.892857142857143,0.5625,0.4,0.0,1.0,0.0,0.6107061688311689,0.0,Must Watch
11,15/06/2026,Côte d'Ivoire,Ecuador,Group E,group stage,117.29999999999995,0.0,0.3846153846153845,0.7857142857142858,0.3125,0.4,0.28449951409135105,0.7155004859086489,0.0,0.4452830885101293,0.0,Optional
12,15/06/2026,Sweden,Tunisia,Group F,group stage,5.900000000000091,0.0,0.4033485540334855,0.4285714285714286,0.125,0.4,0.013848396501458384,0.9861516034985416,0.0,0.41347989913512684,0.0,Optional
13,15/06/2026,Spain,Cabo Verde,Group H,group stage,411.79999999999995,0.0,0.4939506978267306,0.8571428571428572,0.3125,0.4,1.0,0.0,0.0,0.28448435549695883,0.0,Skip
14,16/06/2026,Belgium,Egypt,Group G,group stage,73.79999999999995,0.0,0.4061624649859943,0.9285714285714286,0.5,0.4,0.1788143828960158,0.8211856171039842,0.0,0.5537697936317383,0.0,Must Watch
15,16/06/2026,Saudi Arabia,Uruguay,Group H,group stage,153.0999999999999,0.0,0.575134725599697,0.5,0.3125,0.4,0.3714771622934889,0.6285228377065111,0.0,0.4140191819865975,0.0,Optional
16,16/06/2026,IR Iran,New Zealand,Group G,group stage,138.79999999999995,0.0,0.4153482761451841,0.28571428571428575,0.0625,0.4,0.3367346938775512,0.6632653061224487,0.0,0.2977975827165592,0.0,Skip
17,17/06/2026,France,Senegal,Group I,group stage,157.29999999999995,0.0,0.55545130418465,0.9285714285714286,0.75,0.4,0.3816812439261421,0.6183187560738579,0.0,0.6054819622940724,0.0,Must Watch
18,17/06/2026,Iraq,Norway,Group I,group stage,64.60000000000014,0.0,0.25933609958506226,0.8571428571428572,0.375,0.4,0.15646258503401433,0.8435374149659857,0.0,0.4937822494142884,0.0,Worth Watching
19,17/06/2026,Argentina,Algeria,Group J,group stage,222.29999999999995,0.0,0.43466807165437304,0.9642857142857144,0.75,0.4,0.5396015549076775,0.46039844509232253,0.0,0.6074949898670894,0.05,Must Watch
20,17/06/2026,Austria,Jordan,Group J,group stage,46.0,0.0,0.5958972710541222,0.8214285714285714,0.0625,0.4,0.11127308066083617,0.8887269193391638,0.0,0.4257893140830603,0.0,Optional
21,17/06/2026,Portugal,Congo DR,Group K,group stage,221.89999999999986,0.0,0.5440719117181346,0.8571428571428572,0.375,0.4,0.5386297376093294,0.4613702623906706,0.0,0.4267140424837669,0.0,Optional
22,18/06/2026,England,Croatia,Group L,group stage,80.90000000000009,0.0,0.30346785141305677,0.8571428571428572,0.625,0.4,0.19606413994169156,0.8039358600583084,0.0,0.6157950358701686,0.04,Must Watch
23,18/06/2026,Ghana,Panama,Group L,group stage,174.39999999999986,0.0,0.4944959169366604,0.5357142857142857,0.125,0.4,0.423226433430515,0.576773566569485,0.0,0.33096441190746584,0.0,Skip
24,18/06/2026,Uzbekistan,Colombia,Group K,group stage,102.79999999999995,0.0,0.5177420771691221,0.7142857142857142,0.1875,0.4,0.24927113702623932,0.7507288629737607,0.0,0.4165099948889238,0.0,Optional
25,18/06/2026,Czechia,South Africa,Group A,group stage,52.40000000000009,0.0,0.567555277667254,0.6071428571428572,0.0625,0.4,0.12682215743440295,0.873177842565597,0.0,0.3976392741224104,0.0,Optional
26,19/06/2026,Switzerland,Bosnia and Herzegovina,Group B,group stage,208.0,0.0,0.6009665706842938,0.7142857142857144,0.25,0.4,0.5048590864917398,0.49514091350826017,0.0,0.3828104568740659,0.0,Optional
27,19/06/2026,Canada,Qatar,Group B,group stage,123.29999999999995,0.0,0.5186721991701245,0.4642857142857143,0.1875,0.4,0.2990767735665697,0.7009232264334303,0.0,0.3791515979539415,0.0,Skip
28,19/06/2026,Mexico,Korea Republic,Group A,group stage,40.69999999999982,0.0,0.5604422013938957,0.75,0.4375,0.4,0.09839650145772591,0.9016034985422741,0.0,0.5495700947749581,0.0,Worth Watching
29,20/06/2026,USA,Australia,Group D,group stage,0.7999999999999545,0.0,0.4972232506479082,0.6071428571428572,0.375,0.4,0.0014577259475221968,0.9985422740524778,0.0,0.5313221792921959,0.0,Worth Watching
30,20/06/2026,Scotland,Morocco,Group C,group stage,146.29999999999995,0.0,0.31864204883859437,0.8571428571428572,0.375,0.4,0.35495626822157456,0.6450437317784254,0.0,0.4500894235427515,0.0,Worth Watching
31,20/06/2026,Brazil,Haiti,Group C,group stage,259.5,0.0,0.57476508300251,0.6428571428571429,0.4375,0.4,0.6299805636540333,0.3700194363459667,0.0,0.407392081672457,0.0,Optional
32,20/06/2026,Türkiye,Paraguay,Group D,group stage,50.19999999999982,0.0,0.6763064434297311,0.6785714285714286,0.3125,0.4,0.12147716229348879,0.8785228377065112,0.0,0.5044934966267438,0.0,Worth Watching
33,20/06/2026,Netherlands,Sweden,Group F,group stage,194.9000000000001,0.0,0.5317559153175591,0.6071428571428572,0.375,0.4,0.473032069970846,0.526967930029154,0.0,0.41688185975333014,0.0,Optional
34,21/06/2026,Germany,Côte d'Ivoire,Group E,group stage,160.39999999999986,0.0,0.6800391389432485,0.892857142857143,0.4375,0.4,0.3892128279883382,0.6107871720116618,0.0,0.5031114211829546,0.0,Worth Watching
35,21/06/2026,Ecuador,Curaçao,Group E,group stage,292.9000000000001,0.0,0.33573230611825505,0.5714285714285715,0.1875,0.4,0.711127308066084,0.28887269193391596,0.0,0.26855926073816166,0.0,Skip
36,21/06/2026,Tunisia,Japan,Group F,group stage,201.0,0.0,0.2170471841704718,0.7142857142857144,0.3125,0.4,0.4878522837706514,0.5121477162293486,0.0,0.3705452189029558,0.0,Skip
37,21/06/2026,Spain,Saudi Arabia,Group H,group stage,346.5999999999999,0.0,0.5572533869943721,0.6785714285714286,0.375,0.4,0.8415937803692906,0.15840621963070944,0.0,0.3344340364642574,0.0,Skip
38,22/06/2026,Belgium,IR Iran,Group G,group stage,8.900000000000091,0.0,0.41051123645805354,0.7857142857142858,0.3125,0.4,0.02113702623906771,0.9788629737609323,0.0,0.513713295657467,0.0,Worth Watching
39,22/06/2026,Uruguay,Cabo Verde,Group H,group stage,218.29999999999995,0.0,0.5118320364320555,0.6785714285714286,0.25,0.4,0.5298833819241984,0.47011661807580163,0.0,0.3640695010192988,0.0,Skip
40,22/06/2026,New Zealand,Egypt,Group G,group stage,56.09999999999991,0.0,0.41099950467312485,0.4285714285714286,0.25,0.4,0.13581146744412068,0.8641885325558794,0.0,0.42750422646342523,0.0,Optional
41,22/06/2026,Argentina,Austria,Group J,group stage,243.4000000000001,0.0,0.610533774208786,1.0,0.5625,0.4,0.5908649173955302,0.40913508260446985,0.0,0.5002121480719961,0.0,Worth Watching
42,23/06/2026,France,Iraq,Group I,group stage,254.0,0.0,0.575061376372452,0.8928571428571428,0.5,0.4,0.6166180758017495,0.38338192419825046,0.0,0.45763733297252207,0.0,Worth Watching
43,23/06/2026,Norway,Senegal,Group I,group stage,32.09999999999991,0.0,0.23972602739726026,0.892857142857143,0.625,0.4,0.07750242954324607,0.922497570456754,0.0,0.6026327096396289,0.0,Must Watch
44,23/06/2026,Jordan,Algeria,Group J,group stage,67.10000000000014,0.0,0.42003156849970924,0.7857142857142858,0.25,0.4,0.16253644314868876,0.8374635568513112,0.0,0.4574404746342273,0.0,Worth Watching
45,23/06/2026,Portugal,Uzbekistan,Group K,group stage,132.5999999999999,0.0,0.5440719117181346,0.75,0.375,0.4,0.3216715257531585,0.6783284742468415,0.0,0.4702393097335239,0.0,Worth Watching
46,24/06/2026,England,Ghana,Group L,group stage,330.0,0.0,0.358262371961002,0.6071428571428572,0.5,0.4,0.8012633624878525,0.19873663751214754,0.0,0.36122468228842286,0.0,Skip
47,24/06/2026,Panama,Croatia,Group L,group stage,74.70000000000005,0.0,0.4397013963887152,0.7857142857142858,0.25,0.4,0.18100097181729885,0.8189990281827011,0.0,0.45479132525597543,0.0,Worth Watching
48,24/06/2026,Colombia,Congo DR,Group K,group stage,192.0999999999999,0.0,0.5177420771691221,0.8214285714285714,0.1875,0.4,0.4662293488824102,0.5337706511175898,0.0,0.3729847276391668,0.0,Skip
49,25/06/2026,Switzerland,Canada,Group B,group stage,23.0,0.0,0.6009665706842938,0.7857142857142858,0.375,0.4,0.05539358600583133,0.9446064139941687,0.0,0.5460696891384001,0.0,Worth Watching
50,25/06/2026,Bosnia and Herzegovina,Qatar,Group B,group stage,61.700000000000045,0.0,0.5186721991701245,0.3928571428571429,0.0625,0.4,0.14941690962099174,0.8505830903790083,0.0,0.3656737067974788,0.0,Skip
51,25/06/2026,Scotland,Brazil,Group C,group stage,165.5,0.0,0.5879126046205447,0.7142857142857143,0.5,0.4,0.40160349854227434,0.5983965014577257,0.0,0.4948189572550573,0.0,Worth Watching
52,25/06/2026,Morocco,Haiti,Group C,group stage,240.29999999999995,0.0,0.30549452722055964,0.7857142857142858,0.3125,0.4,0.5833333333333335,0.4166666666666665,0.0,0.3626625479601512,0.0,Skip
53,25/06/2026,Czechia,Mexico,Group A,group stage,157.39999999999986,0.0,0.48992970689099835,0.7142857142857142,0.3125,0.4,0.3819241982507288,0.6180758017492711,0.0,0.424315492554989,0.0,Optional
54,25/06/2026,South Africa,Korea Republic,Group A,group stage,169.10000000000014,0.0,0.6380677721701513,0.6428571428571429,0.1875,0.4,0.4103498542274059,0.5896501457725941,0.0,0.3811300279458779,0.0,Optional
55,26/06/2026,Curaçao,Côte d'Ivoire,Group E,group stage,175.60000000000014,0.0,0.567555277667254,0.6428571428571429,0.125,0.4,0.4261418853255594,0.5738581146744406,0.0,0.34825577072104985,0.0,Skip
56,26/06/2026,Ecuador,Germany,Group E,group stage,43.09999999999991,0.0,0.4482161673942495,0.8214285714285715,0.5,0.4,0.1042274052478136,0.8957725947521864,0.0,0.5659076225703288,0.0,Must Watch
57,26/06/2026,Japan,Sweden,Group F,group stage,195.0999999999999,0.0,0.43013698630136976,0.6428571428571429,0.3125,0.4,0.4735179786200195,0.5264820213799806,0.0,0.3882949182608464,0.0,Optional
58,26/06/2026,Tunisia,Netherlands,Group F,group stage,200.80000000000018,0.0,0.31866611318666116,0.6785714285714286,0.375,0.4,0.4873663751214779,0.5126336248785222,0.0,0.39913216039543953,0.0,Optional
59,26/06/2026,Türkiye,USA,Group D,group stage,0.20000000000004547,0.0,0.7711958533876342,0.7142857142857144,0.375,0.4,5.524141774616909e-16,0.9999999999999994,0.0,0.5697981567673347,0.0,Must Watch
60,26/06/2026,Paraguay,Australia,Group D,group stage,49.59999999999991,0.0,0.4023338406900051,0.5714285714285714,0.3125,0.4,0.12001943634596714,0.8799805636540329,0.0,0.4667463821253659,0.0,Worth Watching
61,27/06/2026,Norway,France,Group I,group stage,189.39999999999986,0.0,0.31572527678738976,0.9642857142857144,0.875,0.4,0.4596695821185617,0.5403304178814383,0.0,0.6693337035776701,0.06,Must Watch
62,27/06/2026,Senegal,Iraq,Group I,group stage,96.70000000000005,0.0,0.49906212698232255,0.8214285714285714,0.25,0.4,0.2344509232264339,0.7655490767735661,0.0,0.45093633903448094,0.0,Worth Watching
63,27/06/2026,Cabo Verde,Saudi Arabia,Group H,group stage,65.20000000000005,0.0,0.581974888337766,0.5357142857142857,0.0625,0.4,0.15792031098153597,0.8420796890184641,0.0,0.38416383965982126,0.0,Optional
64,27/06/2026,Uruguay,Spain,Group H,group stage,193.5,0.0,0.48711053508866164,0.8214285714285714,0.5625,0.4,0.4696307094266281,0.5303692905733719,0.0,0.5003212332950663,0.0,Worth Watching
65,27/06/2026,Egypt,IR Iran,Group G,group stage,82.70000000000005,0.0,0.30767558164818437,0.7142857142857144,0.3125,0.4,0.20043731778425705,0.7995626822157429,0.0,0.4514618001473256,0.0,Worth Watching
66,27/06/2026,New Zealand,Belgium,Group G,group stage,129.89999999999986,0.0,0.513835159482994,0.5,0.25,0.4,0.31511175898931004,0.68488824101069,0.0,0.400105576200972,0.0,Optional
67,28/06/2026,Panama,England,Group L,group stage,155.60000000000014,0.0,0.3824386541944661,0.7857142857142858,0.375,0.4,0.3775510204081639,0.6224489795918361,0.0,0.4436775388888342,0.0,Optional
68,28/06/2026,Croatia,Ghana,Group L,group stage,249.0999999999999,0.0,0.41552511415525106,0.6071428571428572,0.375,0.4,0.6047133138969873,0.39528668610301265,0.0,0.37233846865556397,0.0,Skip
69,28/06/2026,Colombia,Portugal,Group K,group stage,29.799999999999955,0.0,0.5431417897171322,0.8214285714285714,0.5625,0.4,0.07191448007774569,0.9280855199222543,0.0,0.6053534160951339,0.0,Must Watch
70,28/06/2026,Congo DR,Uzbekistan,Group K,group stage,89.29999999999995,0.0,0.5186721991701245,0.75,0.0,0.4,0.21647230320699734,0.7835276967930027,0.0,0.36274914411526316,0.0,Skip
71,28/06/2026,Algeria,Austria,Group J,group stage,21.100000000000136,0.0,0.497256640383707,0.9642857142857144,0.3125,0.4,0.050777453838679085,0.949222546161321,0.0,0.5328348720072724,0.0,Worth Watching
72,28/06/2026,Jordan,Argentina,Group J,group stage,289.4000000000001,0.0,0.5333087023247882,0.8214285714285714,0.5,0.4,0.7026239067055398,0.29737609329446024,0.0,0.424817750698951,0.0,Optional
