match_id,date,group,stage,match,team1,team2,time,venue,category,reason,score_team1,score_team2,winner,group_rank_team1,group_rank_team2,points_team1,points_team2,GF_team1,GF_team2,GA_team1,GA_team2,GD_team1,GD_team2,team1_slot,team2_slot
1,12/06/2026,Group A,group stage,Mexico vs South Africa,Mexico,South Africa,0:00,Mexico City Stadium,Skip,"Home advantage & opening night pressure for Mexico, but low star power and limited goal threat make this a grind rather than a spectacle | Aguirre’s Mexico are defensively organised and high-pressing but struggle for attacking fluency, while Broos’ South Africa are fit and hard-working but lack quality and Plan B. So the game becomes a cagey, low-tempo affair with Mexico controlling possession without creating much, and Bafana sitting deep looking for counters.",2,0,Mexico,1,2,9,4,6,2,0,3,6,-1,Mexico,South Africa
2,12/06/2026,Group A,group stage,Korea Republic vs Czechia,Korea Republic,Czechia,7:00,Estadio Guadalajara,Optional,"Son Heung-min’s likely final World Cup appearance gives this some star appeal, but both teams’ defensive mindset suggests a tense, low-scoring affair rather than fireworks | Hong Myung-Bo’s South Korea have shifted to a safety-first back three/five, prioritising solidity over their usual intensity, while Koubek’s Czechia are equally pragmatic — compact, physical, and dangerous mainly from set-pieces. So the game can be a slow, cagey battle for control with limited creativity, plenty of midfield congestion, and both sides wary of leaving space in transition.",2,1,Korea Republic,3,4,3,1,2,2,3,6,-1,-4,Korea Republic,Czechia
3,13/06/2026,Group B,group stage,Canada vs Bosnia and Herzegovina,Canada,Bosnia and Herzegovina,0:00,Toronto Stadium ,Optional,"Co-hosts Canada’s exciting young squad against the debutant Bosnians who offer a real goal-threat to their opponents. | Marsch’s Canada play a proactive, high-pressing 4-4-2 built on athleticism and pace (even without Davies)but lack competitiveness and injury struck already. Bosnia has the dark horse advantage here, being dangerous on the counter and from wide areas with young talents like Bajraktarevic, while relying on veteran Edin Dzeko’s hold-up play.",1,1,Draw,2,3,4,4,8,5,3,6,5,-1,Canada,Bosnia and Herzegovina
4,13/06/2026,Group D,group stage,USA vs Paraguay,USA,Paraguay,6:00,Los Angeles Stadium,Worth Watching,"Co-hosts USA with home crowd energy, Christian Pulisic and Folarin Balogun leading the attack against a stubborn, counter-punching Paraguay side bring plenty of goal potential and early tournament drama | Pochettino’s USA are energetic and dynamic with dangerous wide threats and high-pressing intent, which should give them control and create several chances against Paraguay’s deep, low-possession defensive block. Paraguay are extremely hard to break down but offer very little going forward, relying on direct balls and set-pieces. This sets up a classic home favourites vs organised underdogs clash: USA will push, Paraguay will sit and frustrate, with the altitude and crowd likely increasing the tempo and intensity.",4,1,USA,1,3,6,3,6,2,1,4,5,-2,USA,Paraguay
5,14/06/2026,Group B,group stage,Qatar vs Switzerland,Qatar,Switzerland,0:00,San Francisco Bay Area Stadium,Optional,"Switzerland’s experienced squad against a Qatari side desperate to erase their 2022 nightmare offers some redemption story, but a limited overall drama | Murat Yakin’s Switzerland are organised, defensively disciplined and unbeaten in qualifying, with a balanced side capable of controlling games through midfield solidity and Embolo’s threat. Qatar under Lopetegui will likely sit compact and look for Akram Afif moments on the counter, but their defensive fragility and limited exposure to strong opposition away from home make them vulnerable. So the game's gonna be a measured, tactical battle with Switzerland enjoying more possession and better structure, though it may lack end-to-end intensity or multiple goalmouth chances.",1,1,Draw,4,1,1,7,2,7,10,3,-8,4,Qatar,Switzerland
6,14/06/2026,Group C,group stage,Brazil vs Morocco,Brazil,Morocco,3:00,New York New Jersey Stadium,Must Watch,"Brazil's flair and attacking stars meet Morocco's intensity and 2022 semifinal magic | Brazil arrive with a constellation of attacking talent while Morocco, building on their historic 2022 semifinal run, counter with world-class individuals. Hakimi's overlapping runs, Brahim Díaz's creativity, inside a disciplined, high-pressing structure. Played at MetLife Stadium with a 1998 rematch narrative, this matchup blends flair versus tactical organization, star power versus team cohesion, and genuine group advancement stakes.",1,1,Draw,1,2,7,7,7,6,1,3,6,3,Brazil,Morocco
7,14/06/2026,Group C,group stage,Haiti vs Scotland,Haiti,Scotland,6:00,Boston Stadium,Skip,"Scotland’s first World Cup in 28 years brings big emotional stakes, but facing a limited Haiti side offers more relief than real drama or star quality | Steve Clarke’s Scotland are solid, experienced and aggressive in midfield with McGinn and McTominay, but they often lack cutting edge against packed defences. Haiti rely on pace on the counter and players like Wilson Isidor and Bellegarde, yet they are defensively vulnerable and will likely sit deep. This matchup points to a cautious, low-quality affair with Scotland controlling possession but struggling to break down a motivated underdog, producing a low-event, grindy game rather than excitement.",0,1,Scotland,4,3,0,3,2,1,8,4,-6,-3,Haiti,Scotland
8,14/06/2026,Group D,group stage,Australia vs Turkiye,Australia,Turkiye,9:00,BC Place Vancouver,Worth Watching,"Two ambitious sides with attacking talent of Arda Güler and Kenan Y?ld?z for Turkey against Australia’s pacey counter-attacking threats has an upset potential and an entertainment value | Tony Popovic’s Australia are organised, physical and dangerous on the break with inverted wing-backs and young attackers like Nestory Irankunda and Jordan Bos, while Vincenzo Montella’s Turkey play a high-pressing, dynamic 4-2-3-1 built around their exciting duo of Güler and Y?ld?z. This clash of styles: Australia’s resilience and direct transitions versus Turkey’s technical quality and intensity should produce an open, competitive game with chances at both ends. Turkey have more individual flair, but Australia’s set-piece threat and work-rate make this far from a foregone conclusion.",2,0,Australia,2,4,3,0,2,0,2,3,0,-3,Australia,Turkiye
9,14/06/2026,Group E,group stage,Germany vs Curacao,Germany,Curacao,22:00,Houston Stadium,Skip,"Germany’s redemption mission against the smallest nation ever to reach a World Cup has huge mismatch written all over it and very little drama or star appeal for neutrals | Nagelsmann’s Germany boast elite creative talent in Musiala, Wirtz and Havertz and should control the game easily, while Advocaat’s Curacao will park the bus in a deep, organised low block and look for rare counters through the Bacuna brothers. This classic heavyweight vs minnow clash typically leads to a slow, cagey affair where Germany dominate possession but face a compact wall, resulting in a low-event, low-quality game until any early goals open it up.",7,1,Germany,1,4,6,1,9,1,2,7,7,-6,Germany,Curacao
10,15/06/2026,Group F,group stage,Netherlands vs Japan,Netherlands,Japan,1:00,Dallas Stadium,Must Watch,"Two stylish, attacking teams with plenty of Premier League and European talent — this has goals, flair, and high-level tactical battle written all over it | Ronald Koeman’s Netherlands play fluid, possession-based football with quality throughout the spine (Van Dijk, De Jong, Dumfries) and dangerous wide threats, while Hajime Moriyasu’s Japan are compact, excellent on the counter and capable of stunning results against bigger nations. It should be a high-tempo, open game with technical quality, quick transitions and end-to-end action with Japan’s wing-back system and clinical finishers like Ayase Ueda against the Dutch attacking rotations should create plenty of space and chances. This is one of the more technically pleasing and unpredictable group-stage clashes.",2,2,Draw,1,2,4,4,7,6,3,2,4,4,Netherlands,Japan
11,15/06/2026,Group E,group stage,Ivory Coast vs Ecuador,Ivory Coast,Ecuador,4:00,Philadelphia Stadium,Optional,"Young, exciting Ivory Coast may just be the dark horses with pace and flair against a rock-solid, hard-to-beat Ecuador side. Should be intriguing but low on proven star power and goalmouth fireworks | Emerse Fae’s youthful Ivory Coast want to play on the front foot in a 4-3-3 with dangerous wide talent like Yan Diomande and Amad Diallo, but they lack a clinical No.9 and are inexperienced at this level. Sebastian Beccacece’s Ecuador are ultra-compact, defensively elite (few goals conceded) and very hard to break down, though they often struggle to score themselves and play for low-scoring results. Should be a tense, tactical battle with Ivory Coast pressing higher and Ecuador sitting in a disciplined block looking to counter through Enner Valencia or set-pieces.",1,0,Ivory Coast,2,3,3,1,2,0,2,1,0,-1,Ivory Coast,Ecuador
12,15/06/2026,Group F,group stage,Sweden vs Tunisia,Sweden,Tunisia,7:00,Estadio Monterrey,Optional,"Alexander Isak and Viktor Gyökeres give Sweden real star power up front, but a defensively stubborn Tunisia side makes this more of a tense battle than a goal-fest.| Graham Potter’s Sweden are transitioning to a more compact, pragmatic setup built around their two elite strikers and energetic wing-backs, but questions remain about Isak’s fitness and how the attack links together. Tunisia are extremely hard to break down after a flawless defensive qualifying campaign, though they lack cutting edge and creativity going forward. So should be a low-tempo, tactical affair with Sweden controlling possession and probing for openings, while Tunisia sit deep, stay organised and look for set-pieces or counters.",5,1,Sweden,3,4,3,0,6,1,6,9,0,-8,Sweden,Tunisia
13,15/06/2026,Group H,group stage,Spain vs Cabo Verde,Spain,Cabo Verde,21:00,Atlanta Stadium,Skip,"Spain’s star-studded squad and World Cup ambitions against debutants Cabo Verde screams mismatch with very little genuine drama or tension expected | De la Fuente’s Spain dominate possession with exceptional midfield control and flair from players like Lamine Yamal (if fit) and Dani Olmo, while Cabo Verde under Bubista will sit deep in a well-organised 4-2-3-1, relying on direct counters and set-pieces. This classic heavyweight vs minnow encounter is going to be a low-tempo, one-sided affair where Spain control the game facing a compact block that limits end-to-end excitement and clear goalmouth action early on.",0,0,Draw,1,3,4,2,4,2,0,2,4,0,Spain,Cabo Verde
14,16/06/2026,Group G,group stage,Belgium vs Egypt,Belgium,Egypt,0:00,eattle Stadium,Worth Watching,"Kevin De Bruyne and Romelu Lukaku’s swansong against Mohamed Salah’s Egypt creates real star power and drama in a clash with genuine implications | Rudi Garcia’s Belgium rely on moments of individual brilliance from De Bruyne, Doku and a Lukaku/De Ketelaere front line in a 4-2-3-1, but they lack cohesion and defensive solidity. Hossam Hassan’s Egypt are compact, defensively robust and hard to break down, looking to counter through Salah and Marmoush. This sets up an intriguing tactical battle: Belgium’s technical quality and attacking talent versus Egypt’s organisation and counter-attacking threat.",1,1,Draw,3,1,2,4,1,4,1,2,0,2,Belgium,Egypt
15,16/06/2026,Group H,group stage,Saudi Arabia vs Uruguay,Saudi Arabia,Uruguay,3:00,Miami Stadium,Worth Watching,"Marcelo Bielsa’s intense Uruguay side against a dangerous, counter-attacking Saudi Arabia featuring Salem Al Dawsari, writing an upset potential all over it | Bielsa’s Uruguay press high and attack with intensity, led by the midfield trio of Valverde, Ugarte and Bentancur plus Darwin Núñez’s movement, but they have struggled for goals and team harmony. Saudi Arabia under new coach Georgios Donis are more attacking than before, dangerous on transitions through Al Dawsari and with good organisation. This sets up a lively, open game with Uruguay dominating periods of play while Saudi Arabia threaten on the break and set-pieces. The contrast between Bielsa’s high press and Saudi directness will create space and chances at both ends.",1,1,Draw,4,2,1,2,1,3,5,3,-4,0,Saudi Arabia,Uruguay
16,16/06/2026,Group G,group stage,IR Iran vs New Zealand,IR Iran,New Zealand,6:00,Los Angeles Stadium,Skip,"Two low-ranked sides with minimal star power and no knockout drama on the line, this is the definition of a dead-rubber style group game | Amir Ghalenoei’s Iran are an ageing, defensively shaky side reliant on Mehdi Taremi’s hold-up play and set-pieces, while Darren Bazeley’s New Zealand will sit compact and look to counter through Chris Wood. Expect a low-quality, low-tempo match with both teams wary of mistakes. Iran controlling possession without much penetration and New Zealand offering very little threat against even moderate opposition.",2,2,Draw,2,4,2,1,2,3,2,5,0,-2,IR Iran,New Zealand
17,17/06/2026,Group I,group stage,France vs Senegal,France,Senegal,0:00,New York New Jersey Stadium,Must Watch,"Defending champions France, packed with superstars, face a dangerous Senegal side with a history of shocking them makes it a pure blockbuster opening night drama | Deschamps’ France are balanced, technically superb and devastating in attack, deploying a fluid 4-2-3-1 that gives creative freedom to Olise, Dembélé and Mbappé while maintaining defensive solidity. Senegal under Pape Thiaw are athletic, compact and dangerous on transitions with a strong midfield led by Gueye and pacey threats like Mane, Ndiaye and Sarr. This is a mouth-watering clash of elite European-based talent against a highly organised, physical African side that loves to counter-punch.",3,1,France,1,3,6,0,6,3,1,6,5,-3,France,Senegal
18,17/06/2026,Group I,group stage,Iraq vs Norway,Iraq,Norway,3:00,New York New Jersey Stadium,Optional,"Erling Haaland and Martin Ødegaard’s Norway against motivated underdogs Iraq offers goal threat and underdog spirit, but limited two-way quality | Ståle Solbakken’s Norway are technically superior, tall and attack-minded with devastating firepower through Haaland, Ødegaard’s creativity and supporting cast like Nusa and Sorloth. Graham Arnold has Iraq playing a compact, disciplined 4-4-2 focused on counters and set-pieces, but they lack the depth and sharpness to trouble top sides consistently. Norway to dominate possession and create plenty of chances while Iraq sit deep and look to frustrate, making it one-sided with lack of real tension or end-to-end excitement",1,4,Norway,4,2,0,6,1,7,7,3,-6,4,Iraq,Norway
19,17/06/2026,Group J,group stage,Argentina vs Algeria,Argentina,Algeria,6:00,Kansas City Stadium,Worth Watching,"Lionel Messi’s Argentina title defence against a talented, dangerous Algeria side full of attacking flair and motivation giving plenty of star power & drama | Scaloni’s Argentina remain a high-level side with exceptional midfield control and multiple goal threats (Alvarez, Lautaro, and a still-influential Messi), though they show occasional defensive vulnerabilities. Algeria under Vladimir Petkovic play with width, pace and technical quality through Mahrez, Amoura and young talents like Maza, often looking dangerous on transitions and in wide areas. This should be a competitive, open contest with Argentina favourites but Algeria capable of causing problems through quick attacks and set-pieces",3,0,Argentina,1,3,6,3,5,2,0,4,5,-2,Argentina,Algeria
20,17/06/2026,Group J,group stage,Austria vs Jordan,Austria,Jordan,9:00,San Francisco Bay Area Stadium,Optional,"Austria’s exciting, high-pressing style against debutants Jordan offers some entertainment and underdog spirit, but ultimately a limited star power and a one-sided affair | Ralf Rangnick’s Austria play proactive, intense, high-pressing football with a strong midfield core (Sabitzer, Seiwald, Laimer) and experience from Alaba and Arnautovic, making them one of the more dynamic European sides. Jordan under Jamal Sellami are compact, direct and dangerous on counters, but they cede a lot of possession and face a huge step-up in quality. This sets up Austria to control the game with more intensity and chances, while Jordan sit deep, stay organised and look for set-pieces or quick breaks.",3,1,Austria,2,4,3,0,3,2,3,5,0,-3,Austria,Jordan
21,17/06/2026,Group K,group stage,Portugal vs Congo DR,Portugal,Congo DR,22:00,Houston Stadium,Optional,"Cristiano Ronaldo’s likely final World Cup group appearance against debutants DR Congo promises some star power and emotion, but limited genuine drama or two-way contest | Roberto Martinez’s Portugal dominate possession with a high-quality, technically excellent squad built around stars like Bruno Fernandes, Vitinha and a still-influential Ronaldo, using width and midfield control to create chances. DR Congo under Sebastien Desabre are defensively organised, physically strong and dangerous on counters through Bakambu, but they lack top-level experience and quality against elite European sides. So, Portugal to control the game with plenty of the ball while DR Congo sit compact and look for set-pieces or quick breaks making it to be one-sided, lacking real intensity or end-to-end excitement",1,1,Draw,2,3,4,1,6,1,1,2,5,-1,Portugal,Congo DR
22,18/06/2026,Group L,group stage,England vs Croatia,England,Croatia,1:00,Dallas Stadium,Must Watch,"England's generational talent meets Croatia's Modric in what may be his final World Cup chapter | England arrive with Bellingham's dynamic creativity, genuine attacking depth, and the hunger of a squad that believes this is their moment, while Croatia carry Modric's aging but still elite orchestration, tournament experience, and a collective resilience that has repeatedly punished English optimism. The 2018 semifinal defeat still haunts English football — Croatia know how to absorb pressure and strike at the perfect moment. One direction is England's quality overwhelming an aging Croatian side — the other is Modric conducting one last masterclass and silencing the doubters again.",4,2,England,1,3,4,3,4,3,2,4,2,-1,England,Croatia
23,18/06/2026,Group L,group stage,Ghana vs Panama,Ghana,Panama,4:00,Toronto Stadium,Skip,"Two evenly-matched, limited sides battling for early points offers little star power or obvious entertainment. More of a classic early tournament grinder | Carlos Queiroz’s Ghana are pragmatic and counter-focused but severely depleted by injuries (no Kudus, Salisu or Djiku) and very short on preparation time, relying heavily on Antoine Semenyo for inspiration. Thomas Christiansen’s Panama are compact, organised and dangerous from set-pieces, but lack genuine top-level quality in open play. This sets up a low-tempo, tactical, and somewhat scrappy affair with both teams prioritising not to lose with plenty of midfield congestion, limited fluency, and few moments of genuine quality or goalmouth excitement.",1,0,Ghana,2,4,4,0,1,0,0,2,1,-2,Ghana,Panama
24,18/06/2026,Group K,group stage,Uzbekistan vs Colombia,Uzbekistan,Colombia,7:00,Mexico City Stadium,Optional,"A match where WC debut grit meets South American star power as Colombia carry knockout experience, but this has upset tension if you overthink it | Colombia are far more dangerous in transition through Luis Díaz and have clearer attacking patterns, while Uzbekistan rely on a compact 5-4-1 shape that can suffocate space but struggles to progress the ball once flanks are blocked. Their system under Cannavaro is disciplined but risks fading late due to fatigue and limited athletic depth. Colombia’s biggest edge is game-breaking quality; Uzbekistan’s only real route is dragging this into a low-tempo, scrappy contest where margins shrink.",1,3,Colombia,4,1,0,6,1,4,8,1,-7,3,Uzbekistan,Colombia
25,18/06/2026,Group A,group stage,Czechia vs South Africa,Czechia,South Africa,21:00,Atlanta Stadium,Optional,"A game of Workmanlike European structure vs high-energy African transition game. Yes, a solid tactical clash, but limited elite star power keeps the ceiling from getting too high | Czechia are extremely organised in a 3-4-2-1 that turns into a low block, relying heavily on set pieces and the Schick–Sou?ek spine, but they lack creativity in open play. South Africa are fitter and more direct, with strong midfield energy and quick transitions, but they struggle badly when forced to break down structured defences or adapt mid-game. This becomes a game of efficiency rather than flair, where set pieces and first goals heavily decide momentum shifts.",1,1,Draw,4,2,1,4,2,2,6,3,-4,-1,Czechia,South Africa
26,19/06/2026,Group B,group stage,Switzerland vs Bosnia and Herzegovina,Switzerland,Bosnia and Herzegovina,0:00,Los Angeles Stadium,Optional,"Structured Swiss control meets fearless Bosnian underdog energy. A tactically competent game, but lacks the chaos or star clash that turns it into must-watch drama | Switzerland are extremely organised, unbeaten in qualifying, and built on a disciplined spine around Xhaka and Embolo, but they can become predictable in open play and struggle when forced to break compact blocks. Bosnia bring momentum, physicality, and direct attacking threat through Džeko and wide runners, yet their defensive record suggests they’ll concede periods of pressure and struggle to sustain intensity. The matchup hinges more on control vs resilience than flair vs flair, which usually produces a lower-event, marginally decided game unless an early goal forces chaos.",4,1,Switzerland,1,3,7,4,7,5,3,6,4,-1,Switzerland,Bosnia and Herzegovina
27,19/06/2026,Group B,group stage,Canada vs Qatar,Canada,Qatar,3:00,BC Place Vancouver,Skip,"Canada’s Maplepressing system gives them a clear edge, but Qatar’s fragile defense and lack of consistency make this a rather one-sided affair | Canada’s structure under Marsch is built for chaos: aggressive pressing, wing overloads, and rapid transitions through Davies, David, and Buchanan, which tends to overwhelm teams that struggle under sustained tempo. Qatar rely on compact organisation and moments from Afif, but their defensive record and limited exposure outside domestic football make them vulnerable once pressed high and forced into errors. This is less a tactical chess match and more a question of whether Canada turn dominance into an early lead and when they do, the game loses competitive tension quickly.",6,0,Canada,2,4,4,1,8,2,3,10,5,-8,Canada,Qatar
28,19/06/2026,Group A,group stage,Mexico vs Korea Republic,Mexico,Korea Republic,6:00,Estadio Guadalajara,Worth Watching,"Home-advantage Mexico with pressing aggression meets South Korea’s structured but inconsistent control game. enough to create a tight, high-stakes tactical battle. | Mexico under Aguirre press high, compress space, and rely on wide overloads plus Jiménez as a reference point, but their long-standing issue is converting control into clear knockout-level finishing. South Korea are more possession-stable with Son and Lee Kang-in providing transition quality, yet their conservative back-five experimentation sometimes slows their attacking rhythm. The key tension is Mexico’s intensity vs Korea’s structure: both can cancel phases of each other out, but both also have enough individual quality to flip momentum, making this a game decided by small tactical adjustments rather than dominance.",1,0,Mexico,1,3,9,3,6,2,0,3,6,-1,Mexico,Korea Republic
29,20/06/2026,Group D,group stage,USA vs Australia,USA,Australia,0:00,Seattle Stadium,Worth Watching,"Two high-press, transition-heavy teams with athletic intensity and tactical aggression making this less about slow buildup and more about vertical chaos and momentum swings | Australia under Popovic are compact, physical, and dangerous in transitions through wide runners like Bos and Irankunda, but they can struggle to sustain attacking control against structured mid-blocks. The USA under Pochettino are more dynamic and versatile, with real pace through Pulisic, Balogun, and overlapping full-backs, but their defensive consistency, especially with an inexperienced goalkeeper and ageing leadership, remains a question. The key tension is pressing vs pressing: both teams try to force errors high, which increases turnovers, tempo shifts, and end-to-end phases rather than controlled possession.",2,0,USA,1,2,6,3,6,2,1,2,5,0,USA,Australia
30,20/06/2026,Group C,group stage,Scotland vs Morocco,Scotland,Morocco,3:00,Boston Stadium,Worth Watching,"Africa’s most tactically complete transition side meets Scotland’s emotional, structured “band-of-brothers” unit making it an intense physical duel and a real knockout-style tension | Morocco bring elite structure from their recent tournament runs, with compact defensive organisation, dangerous wide transitions through Hakimi and Ezzalzouli, and strong set-piece threat, but their new coaching phase adds slight unpredictability in attacking patterns. Scotland are less technical but highly disciplined under Clarke, leaning on McGinn and McTominay for midfield energy and late runs, while their main limitation is lack of depth and creativity in open play. The match works because Morocco’s controlled aggression clashes directly with Scotland’s survival-style resilience, creating a tight, emotionally charged game where small errors or set pieces likely decide it.",0,1,Morocco,3,2,3,7,1,6,4,3,-3,3,Scotland,Morocco
31,20/06/2026,Group C,group stage,Brazil vs Haiti,Brazil,Haiti,5:30,Philadelphia Stadium,Optional,"Elite attacking firepower meets a historic underdog survival narrative — spectacle over competitive uncertainty | Brazil under Ancelotti carry multiple game-winners including Vinícius Jr and Rodrygo, with the ability to create chances in waves across all phases of the pitch, while Haiti rely on compact defensive shape and transition moments through Isidor and Bellegarde. Haiti's defensive stability and experience against elite pressing systems will be severely tested throughout. One direction is Brazil's attacking tempo overwhelming resistance early and turning this into a showcase of South American quality. The other is Haiti's defensive discipline surviving long enough to keep the scoreline competitive and the crowd engaged.",3,0,Brazil,1,4,7,0,7,2,1,8,6,-6,Brazil,Haiti
32,20/06/2026,Group D,group stage,Turkiye vs Paraguay,Turkiye,Paraguay,8:00,San Francisco Bay Area Stadium,Worth Watching,"Elite attacking firepower against a historic underdog with a survival narrative. Everybody knows Brazil’s overwhelming quality & prestige, and the matchup still carries World Cup spectacle value rather than competitive uncertainty | Brazil under Ancelotti have multiple game-winners like Vinícius Jr and Neymar, and even with structural issues in midfield, their ability to create chances in waves usually decides games early. Haiti rely on compact defensive shape and transition moments through Isidor and Bellegarde, but their lack of consistent defensive stability and limited experience against elite pressing systems makes sustained resistance difficult. The main tension isn’t balance, it’s whether Haiti can survive Brazil’s attacking tempo long enough to keep the scoreline competitive, which defines it more as a showcase than a contest",0,1,Paraguay,4,3,0,3,0,2,3,4,-3,-2,Turkiye,Paraguay
33,20/06/2026,Group F,group stage,Netherlands vs Sweden,Netherlands,Sweden,22:00,Houston Stadium,Worth Watching,"Dutch World Cup nearly-men meet Sweden's rebuilt two-striker attack. It has upset potential, not a routine qualification football | Netherlands dominate possession through Koeman's structured 4-3-3 with De Jong controlling tempo and Dumfries providing width, but their recurring issue is converting possession control into clean finishing. Sweden under Potter set up reactively in a compact 3-4-2-1, relying on fast vertical transitions into Isak and Gyökeres rather than sustained buildup. The real tactical question is whether Dutch control suppresses Sweden's counter space or whether the two-striker threat punishes the backline in transition. If Sweden get early chances this jumps in intensity fast — if Dutch control holds, the question becomes whether possession without penetration can break a disciplined defensive block",5,1,Netherlands,1,3,4,3,7,6,3,6,4,0,Netherlands,Sweden
34,21/06/2026,Group E,group stage,Germany vs Ivory Coast,Germany,Ivory Coast,1:00,Toronto Stadium,Worth Watching,"Germany's fragile rebuild giants meet Ivory Coast's explosive dark horses — pedigree under pressure against fearless transition football | Germany under Nagelsmann impose structure through a 4-2-3-1 built around Musiala and Wirtz between the lines, but their finishing and striker coordination remains a recurring question mark. Ivory Coast under Faé are far more vertical in a 4-3-3, using pace on both wings and midfield ball-winning to launch direct attacks — having demonstrated genuine counter-threat capability at the highest level. The key tactical clash is Germany's positional dominance against Ivory Coast's ability to break the press and exploit space behind advancing fullbacks. Does German structure impose control before Ivory Coast's pace can punish the gaps — or does fearless transition football disrupt another heavyweight before they find their rhythm?",2,1,Germany,1,2,6,3,9,2,2,2,7,0,Germany,Ivory Coast
35,21/06/2026,Group E,group stage,Ecuador vs Curacao,Ecuador,Curacao,5:00,Kansas City Stadium,Skip,"A tactical mismatch in disguise — Ecuador's elite defensive structure meets Curaçao's survival-first approach | Ecuador's Beccacece system is one of the most compact low-risk setups in world football, built on near-elite defensive metrics and extreme control of space rather than possession dominance — a tendency that historically produces low-event matches. Curaçao under Advocaat are even more conservative, likely deploying a 5-4-1 block with minimal pressing intent and reliance on transition scraps. The issue is symmetry of caution — both sides reduce tempo, compress space, and avoid risk by identity rather than by game state. Does Ecuador's territorial control eventually find a breakthrough, or does Curaçao's defensive discipline keep this scoreless long enough to create genuine late tension?",0,0,Draw,3,4,1,1,0,1,1,7,-1,-6,Ecuador,Curacao
36,21/06/2026,Group F,group stage,Tunisia vs Japan,Tunisia,Japan,9:00,Estadio Monterrey,Optional,"Japan’s high-tempo transition machine vs Tunisia’s disciplined low-block structure. So, quality is there, but it’s more control vs containment than chaos | Japan under Moriyasu can beat elite sides with minimal possession, using a 3-4-2-1 system built around quick wing-back progression and vertical combinations into Ueda and Kubo. Even with Mitoma missing, their pressing and counter-attacking speed remains their biggest weapon, especially against structured defenses. Tunisia under Lamouchi are one of the most compact defensive units in the tournament, prioritising a 4-2-3-1 low-risk shape and slow tempo control rather than attacking volume. The matchup turns into Japan probing a deep block with Tunisia relying on set pieces and isolated counters, making the game tactically solid but low volatility unless Japan score early.",0,4,Japan,4,2,0,4,1,6,9,2,-8,4,Tunisia,Japan
37,21/06/2026,Group H,group stage,Spain vs Saudi Arabia,Spain,Saudi Arabia,21:00,Atlanta Stadium,Optional,"Spain's Euro-winning machine meets Saudi Arabia's unpredictable rebuild making this an elite positional control against a refreshed underdog with counter-threat | Spain under De la Fuente are built on structured possession through a 4-3-3, with midfield control, high technical volume, and wide creativity from Yamal and Williams with the technical depth to maintain control regardless of personnel choices. Saudi Arabia under Donis show more attacking intent than previous cycles but remain heavily reliant on Al Dawsari for decisive moments in transition. The mismatch in midfield control is significant but Saudi's occasional counter bursts and Spain's vulnerability to pace in wide areas prevent this from becoming entirely one-directional. Does Spain's possession dominance suffocate Saudi's counter threat early or does Al Dawsari find the spaces Spain's high line occasionally surrenders?",4,0,Spain,1,4,4,1,4,1,0,5,4,-4,Spain,Saudi Arabia
38,22/06/2026,Group G,group stage,Belgium vs IR Iran,Belgium,IR Iran,0:00,Los Angeles Stadium,Optional,"A fading Belgian golden generation meets Iran's survival-first discipline — quality gap exists but tempo risk is low | Belgium under Garcia rely on De Bruyne's passing range and attacking presence to break low blocks, but their recurring tournament pattern of slow starts and blunt finishing against deep defensive structures remains their biggest concern. Iran under Ghalenoei are compact, physical, and set up to frustrate — with Taremi as the lone elite outlet for transitions and set piece situations. The tactical issue is asymmetry of intent — Belgium want to control and eventually break a deep block, Iran want to compress space and drag the match into low-event territory. Does De Bruyne's creativity find the right moment to unlock Iran's structure, or does disciplined compactness frustrate Belgian quality long enough to make this genuinely uncomfortable?",0,0,Draw,3,2,2,2,1,2,1,2,0,0,Belgium,IR Iran
39,22/06/2026,Group H,group stage,Uruguay vs Cabo Verde,Uruguay,Cabo Verde,3:00,Miami Stadium,Skip,"A game where elite chaos theory meets disciplined minnows, a controlled experiment with limited volatility ceiling | Uruguay under Bielsa bring intense high-pressing, vertical attacking, and constant turnover hunting, but internal squad friction and finishing inconsistency create unpredictability in their own attacking execution. Cape Verde are extremely organized and emotionally cohesive, but their attacking output is limited and heavily reliant on set pieces and transition luck. The structural mismatch suggests Uruguay's pressing intensity will test Cape Verde's defensive organization for long spells. One direction is Uruguay's press overwhelming Cape Verde's structure early and converting control into goals, the other is Cape Verde's defensive cohesion absorbing pressure long enough for isolated dead-ball moments to create genuine tension.",2,2,Draw,2,3,2,2,3,2,3,2,0,0,Uruguay,Cabo Verde
40,22/06/2026,Group G,group stage,New Zealand vs Egypt,New Zealand,Egypt,6:00,BC Place Vancouver,Optional,"Egypt’s defensive structure built around Salah vs New Zealand’s low-resistance, counter-focused setup, making this more of a functional efficiency than real tactical fireworks | Egypt under Hossam Hassan are extremely compact, conceding just two goals in qualifying and leaning heavily on Salah and Marmoush for moments of individual quality rather than sustained attacking flow. Their games often trend toward controlled, low-scoring patterns unless early breakthroughs happen. New Zealand under Bazeley are disciplined in a 4-2-3-1 but lack elite-level press resistance and attacking variation outside Chris Wood’s finishing threat. The matchup leans heavily toward Egypt territorial dominance with New Zealand sitting deep and hoping for set pieces or isolated counters, making the game structurally predictable unless Egypt’s attack misfires.",1,3,Egypt,4,1,1,4,3,4,5,2,-2,2,New Zealand,Egypt
41,22/06/2026,Group J,group stage,Argentina vs Austria,Argentina,Austria,22:00,Dallas Stadium,Worth Watching,"World champions meet Austria's relentless gegenpress. On paper Argentina win, but Austria turn comfortable fixtures into messy, uncomfortable football | Argentina still carry elite match-winners in Messi, Lautaro Martínez, and Julián Álvarez, but the structure relies heavily on Messi's creative involvement and defensive solidity holding under sustained pressure. Austria under Rangnick press aggressively through Sabitzer-led midfield rotations, aiming to force turnovers rather than outplay possession-heavy phases. The mismatch is ceiling, Argentina have decisive talent in knockout moments, Austria have system pressure but limited elite finishing edge. Does Argentina's individual quality absorb Austria's press and impose champion's control — or does the gegenpress break their first line and turn this into the chaotic transition game Argentina least enjoy?",2,0,Argentina,1,2,6,3,5,3,0,3,5,0,Argentina,Austria
42,23/06/2026,Group I,group stage,France vs Iraq,France,Iraq,2:00,hiladelphia Stadium,Optional,"Star power meets survival mode — France are built to dismantle elite opponents, but Iraq's compact underdog structure could turn this into a patience test | France arrive with arguably the deepest attacking pool in world football, led by Mbappe, Dembélé, and Olise, with a 4-2-3-1 structure giving clearer lines between midfield and attack than previous tournaments. Iraq under Graham Arnold are not built to compete in open football — the 4-4-2 low block plus counter-attacking intent is designed to compress space and force France into sterile possession phases. Iraq's defensive discipline could compress the match into isolated chance creation rather than sustained French dominance. Does France's individual quality find the breakthrough before patience runs out — or does Iraq's survival structure drag this into a low-event game that tests French composure throughout?",3,0,France,1,4,6,0,6,1,1,7,5,-6,France,Iraq
43,23/06/2026,Group I,group stage,Norway vs Senegal,Norway,Senegal,5:00,New York New Jersey Stadium,Worth Watching,"Star power vs African steel. Norway’s Haaland-led scoring frenzy meets a Senegal side built to ruin rhythm and punish impatience |  Norway are basically a finishing system built around Erling Haaland, with elite services from Martin Odegaard turning chances into volume scoring. Senegal bring a 4-3-3 compact block, elite physical duels, and transition threat through wide runners, built to absorb pressure then strike quickly. The game is set to be a low-margin, set-piece and transition battle rather than a scoring showcase.",3,2,Norway,2,3,6,0,7,3,3,6,4,-3,Norway,Senegal
44,23/06/2026,Group J,group stage,Jordan vs Algeria,Jordan,Algeria,8:00,San Francisco Bay Area Stadium,Optional,"The match offers a direct contrast of chaos vs control where Jordan’s counter punch debut energy meets Algeria’s technical firepower & pedigree in a match that can swing anywhere | Jordan are a low-possession, counter-attacking side built on a compact 3-4-3/5-4-1 shape, relying on quick vertical breaks through wide runners like Musa Al-Tamari. Algeria under Vladimir Petkovi? bring far more control in midfield, with creative outlets like Riyad Mahrez and Mohamed Amoura capable of breaking compact blocks. The game offers both sides crucial points, and for those, teams can tend to be safe, making the game a cagey, low scoring affair",1,2,Algeria,4,3,0,3,2,2,5,4,-3,-2,Jordan,Algeria
45,23/06/2026,Group K,group stage,Portugal vs Uzbekistan,Portugal,Uzbekistan,22:00,Houston Stadium,Optional,"Portugal's possession machine meets Uzbekistan's Cannavaro-built low block — a classic break the deep line or suffer frustration test | Portugal rely on possession dominance through Bruno Fernandes and Vitinha's midfield engine, with Ronaldo's finishing presence and wide overloads providing the attacking threat — but their biggest structural weakness is patience against deep defensive blocks where central space is congested and attacks become cross-heavy rather than penetrative. Uzbekistan under Cannavaro are built exactly for that scenario — a 5-4-1 low block, compact spacing, and direct transitions rather than sustained possession. The tactical question is whether Portugal's creativity finds the right moment to unlock a disciplined defensive shape. Does Bruno Fernandes' range-finding break the block before frustration sets in — or does Uzbekistan's compactness drag this into a slow recycling game with limited penetration?",5,0,Portugal,2,4,4,0,6,1,1,8,5,-7,Portugal,Uzbekistan
46,24/06/2026,Group L,group stage,England vs Ghana,England,Ghana,1:00,Boston Stadium,Optional,"England’s creative attack meets Ghana’s athleticism in a matchup with flashes of excitement but limited sustained tension | England calls on creators like Jude Bellingham, Phil Foden, and Bukayo Saka to control attacking phases, while Ghana bring pace, physicality, and dangerous transition runners that can punish mistakes. Ghana’s counterattacking threat keeps the match interesting, but England’s superior control in possession often reduces long stretches into defensive containment rather than continuous back-and-forth action, keeping the entertainment ceiling in the middle tier.",0,0,Draw,1,2,4,4,4,1,2,0,2,1,England,Ghana
47,24/06/2026,Group L,group stage,Panama vs Croatia,Panama,Croatia,4:00,Toronto Stadium,Worth Watching,"A game of experience vs efficiency where Croatia’s tournament-hardened midfield meets a Panama side built on structure, discipline, and set-piece chaos |  Croatia remain one of the most tactically mature sides in world football, driven by control through midfield and game management around veterans like Luka Modric and structured support from technical operators like Mateo Kovacic where Panama under Thomas Christiansen are compact, structured, and comfortable without the ball, relying heavily on transitions and set pieces rather than sustained attacking phases. This becomes a low-margin tactical grind rather than a comfortable possession exhibition.",0,1,Croatia,4,3,0,3,0,3,2,4,-2,-1,Panama,Croatia
48,24/06/2026,Group K,group stage,Colombia vs Congo DR,Colombia,Congo DR,7:00,Estadio Guadalajara,Skip,"Quality mismatch may be on paper, but not on narrative. A game where Colombia’s elite transitions and star-driven attack face a DR Congo side built to survive first, then counter with discipline and desperation | Colombia rely heavily on the creative gravity of James Rodriguez and the direct explosiveness of Luis Diaz, with transitions forming their main attacking weapon rather than sustained territorial control. DR Congo under Sébastien Desabre are structured, defensively improved, and built around compact organization plus counter-attacks led by Cedric Bakambu. The game appears too tipped towards Colombia, with Congo appearing as dark horses for them",1,0,Colombia,1,3,6,1,4,1,1,2,3,-1,Colombia,Congo DR
49,25/06/2026,Group B,group stage,Switzerland vs Canada,Switzerland,Canada,0:00,BC Place Vancouver,Optional,"Evenly matched sides with Davies' pace as the standout individual threat in an otherwise low-narrative group opener | Switzerland bring disciplined defensive organization, technical midfield control through Xhaka's leadership, and tournament experience that consistently exceeds expectations, while Canada offer direct attacking pace, Davies' explosive wing threat, and the energy of a host nation playing competitive World Cup football for the first time in decades. The match lacks a marquee individual duel or rivalry narrative to elevate it beyond competitive group football. One direction is Canada's home energy and Davies' directness creating enough early momentum to make Switzerland uncomfortable — the other is Swiss defensive discipline absorbing pressure and turning the match into a controlled, low-event exercise.",2,1,Switzerland,1,2,7,4,7,8,3,3,4,5,Switzerland,Canada
50,25/06/2026,Group B,group stage,Bosnia and Herzegovina vs Qatar,Bosnia and Herzegovina,Qatar,0:00,Seattle Stadium,Worth Watching,"Bosnia’s penalty-driven resilience meets Qatar’s structured but brittle possession game in a match that hinges on efficiency in both boxes rather than dominance | Bosnia & Herzegovina rely on compact shape, experience, and late-game mentality, with veteran presence like Edin Dzeko still anchoring their attacking threat in tight moments. Qatar under Julen Lopetegui are more structured in possession but still fragile defensively, with reliance on moments from Akram Afif to unlock games. It is a classic match match of underdogs fighting for a point, unless one of them has an upset in its pocket, making the match a gritty, defensive and low-scoring affair",3,1,Bosnia and Herzegovina,3,4,4,1,5,2,6,10,-1,-8,Bosnia and Herzegovina,Qatar
51,25/06/2026,Group C,group stage,Scotland vs Brazil,Scotland,Brazil,3:00,Miami Stadium,Worth Watching,"Brazil's samba flair meets Scotland's relentless pressing intensity in a classic quality versus aggression contest | Brazil arrive with Vinícius Jr's unpredictable dribbling, Rodrygo's intelligent movement, and the attacking depth of a side capable of unlocking any defensive structure, while Scotland under Clarke bring aggressive high-pressing, physical midfield commitment, and the collective intensity of a side that refuses to concede territory without a fight. Scotland won't sit deep and absorb — their pressing instinct means Brazil will be forced to play through pressure rather than around it. Does Brazil's technical quality dissect Scotland's aggressive press with patience and precision — or does Scotland's intensity disrupt Brazilian rhythm long enough to create genuine upset tension?",0,3,Brazil,3,1,3,7,1,7,4,1,-3,6,Scotland,Brazil
52,25/06/2026,Group C,group stage,Morocco vs Haiti,Morocco,Haiti,3:00,Atlanta Stadium,Skip,"Morocco's 2022 semifinal pedigree meets Haiti's survival-first structure in a heavily one-sided group fixture | Morocco bring Hakimi's overlapping dynamism, technical midfield control, and the high-pressing system that dismantled elite opposition in 2022, while Haiti rely on compact defensive organization, physical resilience, and isolated transition moments rather than sustained attacking threat. The quality gap across every department is significant and Haiti lack the individual or collective tools to compete in open football against a side of Morocco's caliber. One direction is Morocco's technical quality breaking Haiti's defensive structure early and controlling the match comfortably — the other is Haiti's defensive discipline surviving long enough to keep the scoreline respectable deep into the second half.",4,2,Morocco,2,4,7,0,6,2,3,8,3,-6,Morocco,Haiti
53,25/06/2026,Group A,group stage,Czechia vs Mexico,Czechia,Mexico,6:00,Mexico City Stadium,Optional,"Czechia's first World Cup return in 20 years meets Mexico's altitude-tested host intensity — knockout tension written into a group stage fixture | Czechia are a structured defensive side in a 3-4-2-1, built for defensive resilience and set-piece efficiency rather than possession dominance, while Mexico under Aguirre press aggressively but depend heavily on Jiménez and transitional moments to create chances. The real tactical clash is tempo control — Czechia want chaos in limited defensive phases, Mexico want sustained pressure, but neither are elite at breaking deep blocks consistently. Guadalajara's altitude adds a physical dimension that could test Czech defensive compactness as the match progresses. Does Mexico's home intensity and altitude advantage overwhelm Czech defensive structure in the final stages — or does Czechia's resilience survive the pressure and drag this into a tense, low-scoring finish?",0,3,Mexico,4,1,1,9,2,6,6,0,-4,6,Czechia,Mexico
54,25/06/2026,Group A,group stage,South Africa vs Korea Republic,South Africa,Korea Republic,6:00,Estadio Monterrey,Optional,"South Africa's 16-year return meets Korea's confidence crisis — narrative pressure as much as tactical identity defines this opener | South Africa bring compact defensive structure and strong transitional running under Broos, but limited European-level experience and a limited tactical Plan B when defensive structure comes under sustained pressure. South Korea arrive with a statistically strong qualifying record and a core of Son, Lee Kang-in, and Kim Min-jae, yet tactical inconsistency and fan distrust around coaching decisions has created uncertainty around their attacking identity. The key tension is execution under pressure — South Africa thrive when matches are open and emotional, Korea are more stable in controlled phases but have recently struggled when forced into sustained attacking dominance. Does Korea's individual quality impose the control their squad suggests they're capable of — or does South Africa's emotional intensity and return narrative disrupt Korean composure throughout?",1,0,South Africa,2,3,4,3,2,2,3,3,-1,-1,South Africa,Korea Republic
55,26/06/2026,Group E,group stage,Curacao vs Ivory Coast,Curacao,Ivory Coast,1:00,Philadelphia Stadium,Optional,"A debutant island nation built on survival structure meets an Ivory Coast side loaded with explosive talent, looking to secure their qualification | Curaçao sit in a deep, low-block identity under Advocaat, prioritising compactness, narrow protection, and counterattacks through wide transitions, which makes them awkward but extremely limited in sustained progression. Ivory Coast bring far higher individual quality and depth, especially in wide areas and midfield dynamism, with a high-tempo 4-3-3 that can overwhelm structured low blocks if they maintain attacking discipline.",0,0,,4,2,1,3,1,2,7,2,-6,0,Curacao,Ivory Coast
56,26/06/2026,Group E,group stage,Ecuador vs Germany,Ecuador,Germany,1:00,ew York New Jersey Stadium,Must Watch,"Germany's fragile rebuild meets Ecuador's elite defensive structure and Caicedo's world-class midfield presence — form meets pedigree | Germany under Nagelsmann carry the attacking excitement of Wirtz and Musiala between the lines, but their defensive consistency and finishing efficiency remain tournament questions that elite opposition will expose quickly. Ecuador under Beccacece are one of the most defensively disciplined sides in the tournament, built on compact structure, Caicedo's midfield dominance, and direct transitions that punish overcommitted attacking lines. The clash is structural identity — German positional fluidity against Ecuadorian defensive solidity and counter-threat. Does Germany's attacking creativity unlock one of the tournament's most organized defensive setups — or does Ecuador's discipline and Caicedo's control neutralize German momentum and produce a genuine upset?",0,0,,3,1,1,6,0,9,1,2,-1,7,Ecuador,Germany
57,26/06/2026,Group F,group stage,Japan vs Sweden,Japan,Sweden,4:00,Dallas Stadium,Worth Watching,"Japan's high-pressing system meets Sweden's rebuilt two-striker identity in a tactically solid group fixture, with qualification at stake for both of these teams | Japan bring aggressive pressing traps, sharp vertical transitions, and individual quality through Mitoma and Kubo that consistently punches above Asian football's perceived ceiling, while Sweden under Potter rely on Isak and Gyökeres' two-striker movement to create space behind pressing lines rather than sustained buildup. Neither side carries deep rivalry history or marquee global star power to elevate this beyond competitive group football. One direction is Japan's pressing intensity overwhelming Sweden's defensive structure early and asserting control — the other is Sweden's two-striker threat catching Japan's high defensive line in transition and keeping the match genuinely open throughout.",0,0,,2,3,4,3,6,6,2,6,4,0,Japan,Sweden
58,26/06/2026,Group F,group stage,Tunisia vs Netherlands,Tunisia,Netherlands,4:00,Kansas City Stadium,Optional,"A contest where Tunisia’s elite defense built on survival meets a Dutch side chasing long-overdue footballing closure, currently in a destructive mode  | Tunisia arrive with a low-block, structure-first identity under Lamouchi, built around a back four that conceded zero goals in qualifying and a midfield shield designed to compress space rather than control possession. The Netherlands, by contrast, bring a possession-heavy 4-3-3 system under Koeman with Premier League-dense quality across the pitch, allowing them to sustain pressure and rotate attacking patterns through wide overloads and midfield control. The game holds a stronger team against average opposition, but against sustained elite circulation, things usually shifts deeper until they eventually collapse.",0,0,,4,1,0,4,1,7,9,3,-8,4,Tunisia,Netherlands
59,26/06/2026,Group D,group stage,Turkiye vs USA,Turkiye,USA,7:00,Los Angeles Stadium,Optional,"A clash between a home-energized, already qualified USA and a resurgent, talent-rich young Turkish side already eliminated from the World Cup, framed by contrasting momentum | USA arrive with pace, wide dynamism, and attacking upside through Pulisic and Balogun, lacking depth in defensive spine. Turkiye, under Montella, bring a far more defined tactical identity: high pressing, structured 4-2-3-1 fluidity, and two elite creative outlets in Arda Güler and Kenan Y?ld?z, giving them superior ability to manipulate transitions and exploit space behind an aggressive opponent. The game promises drama and a Turkish side which is not just an underdog, but one of the few mid-tier teams capable of dictating rhythm against a high-energy but defensively fragile host side.",0,0,,4,1,0,6,0,6,3,1,-3,5,Turkiye,USA
60,26/06/2026,Group D,group stage,Paraguay vs Australia,Paraguay,Australia,7:00,San Francisco Bay Area Stadium,Worth Watching,"Paraguay�s low-block, counter-attacking threat meets Australia�s high-tempo pressing in a competitive group fixture with huge stakes for both sides | Paraguay arrive with disciplined defensive compactness, direct transitional play through Enciso and Almirón, and the South American pragmatism of a side built to frustrate rather than dominate, while Australia under Arnold bring relentless work-rate, wide pressing intensity, and collective organization that consistently overachieves against technically superior opposition. Neither side carries marquee individual star power or rivalry history to elevate this beyond a competitive group stage fixture. One direction is Australia's pressing intensity overwhelming Paraguay's defensive structure and creating sustained attacking momentum — the other is Paraguay's compact discipline absorbing pressure and exploiting transition spaces to keep the match genuinely tight throughout.",0,0,,3,2,3,3,2,2,4,2,-2,0,Paraguay,Australia
61,27/06/2026,Group I,group stage,Norway vs France,Norway,France,0:00,Boston Stadium,Must Watch,"Haaland vs Mbappe — the group stage's defining individual duel between the two most dangerous forwards in world football | Norway arrive with Haaland's unmatched finishing instinct, physical dominance, and the ability to turn half-chances into goals against any defensive structure in world football, while France carry Mbappe's explosive acceleration, directness, and the clinical finishing of a reigning World Cup finalist squad built around his movement. Neither side is built for conservative football — Norway press high and attack vertically, France transition at devastating speed with quality across every position. The central question is whether Haaland's physical presence can impose itself on France's defensive structure before Mbappe's pace exploits the spaces Norway's high line surrenders. One moment of individual brilliance from either player could define the entire group stage narrative.",0,0,,2,1,6,6,7,6,3,1,4,5,Norway,France
62,27/06/2026,Group I,group stage,Senegal vs Iraq,Senegal,Iraq,0:00,Toronto Stadium,Optional,"Senegal's athletic attacking threat meets Iraq's disciplined defensive structure in a low-star, high-organization group fixture | Senegal bring physical pace, direct running through wide channels, and the collective pressing intensity of a side built on athleticism and transitional speed rather than technical buildup, while Iraq under Graham Arnold rely on compact defensive organization, disciplined low-block structure, and isolated counter-attacking moments to contain superior opposition. The star power gap is significant and Iraq's attacking threat limited — but Senegal's own inconsistency in breaking down organized defenses adds a layer of uncertainty. One direction is Senegal's athleticism and pressing intensity overwhelming Iraq's defensive structure progressively — the other is Iraq's discipline frustrating Senegal long enough to keep the match competitive deep into the second half.",0,0,,3,4,0,0,3,1,6,7,-3,-6,Senegal,Iraq
63,27/06/2026,Group H,group stage,Cabo Verde vs Saudi Arabia,Cabo Verde,Saudi Arabia,5:00,Houston Stadium,Optional,"A debutant Cape Verde side built on unity and set-piece efficiency meets a volatile Saudi Arabia team still trying to define itself after coaching upheaval | Cape Verde arrive with extreme organisation under Bubista, a compact defensive 4-2-3-1, and a heavy reliance on set pieces and direct transitions, but lack in elite-level depth and proven goalscorer. Saudi Arabia, meanwhile, are in a tactical transition under Donis, with flashes of attacking intent and better possession metrics recently, but still heavily dependent on Salem Al Dawsari and have a vulnerable defense.The game offers real competitiveness but the Saudis still possess higher technical ceiling and more controlled possession phases, which tends to matter more than set-piece reliance over 90 minutes.",0,0,,3,4,2,1,2,1,2,5,0,-4,Cabo Verde,Saudi Arabia
64,27/06/2026,Group H,group stage,Uruguay vs Spain,Uruguay,Spain,5:00,Estadio Guadalajara,Must Watch,"Bielsa's chaotic high-press Uruguay meets reigning European champions Spain, providing us with South American grit against technical supremacy | Uruguay under Bielsa bring relentless high-pressing intensity, physical directness, and Núñez's explosive pace in behind defensive lines — a combination built specifically to disrupt technically superior sides before they find their rhythm. Spain under De la Fuente arrive as Euro 2024 champions with Yamal's generational creativity, Williams' direct running, and Pedri's midfield control giving them the deepest technical squad in the tournament. The specific tactical flashpoint is Núñez's explosive runs against Spain's high defensive line — one of the most dangerous individual vs system matchups in the group stage. Does Spain's technical quality impose Euro champion's control — or does Bielsa's pressing chaos disrupt Spanish rhythm and turn this into the tournament's first genuine giant-killing moment?",0,0,,2,1,2,4,3,4,3,0,0,4,Uruguay,Spain
65,27/06/2026,Group G,group stage,Egypt vs IR Iran,Egypt,IR Iran,8:00,Seattle Stadium,Worth Watching,"A tension-heavy clash between Egypt’s defensive discipline and Iran’s physical, set-piece driven system making this contest less flair, more like a survival chess with knockout undertones | Egypt come in with one of the most structurally stable defensive records in African qualifying, conceding just twice in ten games, but depend heavily on Salah and Marmoush. Iran, despite ageing squad, remain dangerous in direct play through Taremi’s link-up ability and strong aerial presence, with a clear reliance on set-pieces and vertical transitions rather than sustained build-up. The contest promises intrigue and has a real chance of becoming a low-margin, set-piece decided game",0,0,,1,2,4,2,4,2,2,2,2,0,Egypt,IR Iran
66,27/06/2026,Group G,group stage,New Zealand vs Belgium,New Zealand,Belgium,8:00,BC Place Vancouver,Optional,"New Zealand’s physical underdog structure against Belgium’s technically loaded but tactically inconsistent golden-generation reboot. It is a good expectation gap vs execution risk contest | New Zealand rely on a simple 4-2-3-1 built around Chris Wood as a focal point, using direct play, set pieces, and compact defensive shape to stay competitive. Belgium still carry elite individual quality through De Bruyne, Doku, and Lukaku/De Ketelaere. The match may provide some sort of competitiveness although chances are it is gonna be a one-sided affair unless any sudden sustained threat from New Zealand.",0,0,,4,3,1,2,3,1,5,1,-2,0,New Zealand,Belgium
67,28/06/2026,Group L,group stage,Panama vs England,Panama,England,2:00,New York New Jersey Stadium,Optional,"England's attacking depth meets Panama's survival-first discipline in a one-sided but Bellingham-watchable group fixture | England arrive with Bellingham's dynamic creativity, Saka's direct running, and the attacking depth of a squad built to impose technical dominance against defensively organized opposition, while Panama rely on compact low-block structure, physical resilience, and disciplined positional organization rather than any sustained attacking ambition. The quality gap across every department is significant but Panama's defensive discipline means England must earn every chance rather than finding automatic fluency. One direction is England's quality breaking Panama's structure early and controlling the match comfortably — the other is Panama's defensive organization frustrating English momentum long enough to make this scrappier and more disjointed than expected.",0,0,,4,1,0,4,0,4,2,2,-2,2,Panama,England
68,28/06/2026,Group L,group stage,Croatia vs Ghana,Croatia,Ghana,2:00,Philadelphia Stadium,Skip,"Modric's potential final World Cup chapter meets Ghana's athletic transition threat in a low-star, nostalgia-driven fixture | Croatia arrive with Modric's aging but still intelligent orchestration, tournament experience, and a collective defensive resilience built on decades of knockout football, while Ghana bring athletic runners, physical intensity, and direct transitional play through Kudus rather than sustained technical buildup. The match lacks the individual matchups or rivalry narrative to generate sustained casual interest — Croatia's pragmatic style against Ghana's directness risks producing a fragmented, low-tempo contest. One direction is Modric's experience controlling rhythm and Croatia's defensive structure keeping Ghana's transition threat quiet — the other is Ghana's athleticism exploiting Croatian defensive age and creating enough chaos to keep the match genuinely competitive.",0,0,,3,2,3,4,3,1,4,0,-1,1,Croatia,Ghana
69,28/06/2026,Group K,group stage,Colombia vs Portugal,Colombia,Portugal,4:30,Miami Stadium,Must Watch,"Ronaldo's farewell tournament intensity meets Colombia's fluid attacking creativity in a high-star group stage showdown | Portugal arrive with Ronaldo's experienced finishing presence, Bruno Fernandes' creative range, and an attacking structure built on wide overloads and clinical transition finishing, while Colombia bring Luis Díaz's direct explosive running, James Rodríguez's creative orchestration, and a fluid 4-2-3-1 system capable of matching Portugal's technical quality in open phases. Both sides carry genuine match-winners and neither is built for conservative football — the result is a naturally open, high-tempo contest between two attack-minded European and South American forces. Does Ronaldo's champion mentality and Portuguese structure impose control — or does Colombia's fluid creativity and Díaz's directness expose Portuguese defensive vulnerabilities in transition?",0,0,,1,2,6,4,4,6,1,1,3,5,Colombia,Portugal
70,28/06/2026,Group K,group stage,Congo DR vs Uzbekistan,Congo DR,Uzbekistan,4:30,Atlanta Stadium,Skip,"Two tournament debutants meet in a low-star, low-rivalry fixture with limited entertainment history between these nations | Congo DR bring athletic pace, physical intensity, and direct transitional play built on individual running rather than structured buildup, while Uzbekistan under Cannavaro arrive at their first World Cup with a disciplined 5-4-1 defensive block and conservative attacking intent designed to limit space and absorb pressure. Neither side carries globally recognizable stars or rivalry narrative to elevate this beyond a competitive but low-profile group fixture. One direction is Congo DR's athleticism and direct running creating enough transition chances to break Uzbekistan's defensive structure — the other is Uzbekistan's disciplined compactness keeping this goalless long enough to produce genuine late tension from set pieces.",0,0,,3,4,1,0,1,1,2,8,-1,-7,Congo DR,Uzbekistan
71,28/06/2026,Group J,group stage,Algeria vs Austria,Algeria,Austria,7:00,Kansas City Stadium,Worth Watching,"Mahrez's creative threat meets Rangnick's relentless gegenpress in an underrated tactical collision between contrasting football identities | Algeria bring Mahrez's experienced creative intelligence, technical midfield quality, and a disciplined defensive structure capable of absorbing pressure and striking through individual moments of brilliance, while Austria under Rangnick press aggressively through Sabitzer-led midfield rotations designed to force turnovers and punish teams that can't play through sustained pressure. The tactical contrast is sharp — Algeria's individual creativity against Austria's collective pressing system creates a genuine battle between style and structure. Does Mahrez's intelligence find the spaces between Austria's pressing lines before the gegenpress overwhelms Algerian composure — or does Rangnick's system neutralize individual quality and impose collective dominance throughout?",0,0,,3,2,3,3,2,3,4,3,-2,0,Algeria,Austria
72,28/06/2026,Group J,group stage,Jordan vs Argentina,Jordan,Argentina,7:00,Dallas Stadium,Optional,"Messi's World Cup farewell tour meets Jordan's organized survival structure in a star-driven but heavily mismatched group opener | Argentina arrive as defending World Cup champions with Messi's creative orchestration, Lautaro Martínez's clinical finishing, and the collective confidence of a squad that has won everything together in recent years, while Jordan compete in their first World Cup with a disciplined defensive structure, organized low-block compactness, and counter-attacking intent designed to limit the damage against elite opposition. The quality gap is significant across every department and Jordan's attacking ambition is severely limited. One direction is Argentina's champion quality breaking Jordan's defensive structure early and imposing comfortable control — the other is Jordan's discipline and defensive organization keeping Argentina's scoring opportunities limited long enough to make this genuinely uncomfortable for the favorites.",0,0,,4,1,0,6,2,5,5,0,-3,5,Jordan,Argentina
73,29/06/2026,,Round of 32,South Africa vs Canada,South Africa,Canada,0:00,Los Angeles Stadium,TBD,TBD,0,0,,0,0,0,0,0,0,0,0,0,0,2A,2B
74,29/06/2026,,Round of 32,Brazil vs Japan,Brazil,Japan,22:00,Houston Stadium,TBD,TBD,0,0,,0,0,0,0,0,0,0,0,0,0,1C,2F
75,30/06/2026,,Round of 32,Germany vs Paraguay,Germany,Paraguay,1:30,Boston Stadium,TBD,TBD,0,0,,0,0,0,0,0,0,0,0,0,0,Germany,3ABCDF
76,30/06/2026,,Round of 32,Netherlands vs Morocco,Netherlands,Morocco,6:00,Estadio Monterrey,TBD,TBD,0,0,,0,0,0,0,0,0,0,0,0,0,1F,2C
77,30/06/2026,,Round of 32,Ivory Coast vs Norway,Ivory Coast,Norway,22:00,Dallas Stadium,TBD,TBD,0,0,,0,0,0,0,0,0,0,0,0,0,2E,2I
78,01/07/2026,,Round of 32,France vs Sweden,France,Sweden,2:00,New York New Jersey Stadium,TBD,TBD,0,0,,0,0,0,0,0,0,0,0,0,0,1I,3CDFGH
79,01/07/2026,,Round of 32,Mexico vs Scotland,Mexico,Scotland,6:00,Mexico City Stadium,TBD,TBD,0,0,,0,0,0,0,0,0,0,0,0,0,Mexico,3CEFHI
80,01/07/2026,,Round of 32,England vs Cabo Verde,England,Cabo Verde,21:00,Atlanta Stadium,TBD,TBD,0,0,,0,0,0,0,0,0,0,0,0,0,1L,3EHIJK
81,02/07/2026,,Round of 32,Egypt vs Korea Republic,Egypt,Korea Republic,1:00,Seattle Stadium,TBD,TBD,0,0,,0,0,0,0,0,0,0,0,0,0,1G,3AEHIJ
82,02/07/2026,,Round of 32,USA vs Bosnia and Herzegovina,USA,Bosnia and Herzegovina,5:00,San Francisco Bay Area Stadium,TBD,TBD,0,0,,0,0,0,0,0,0,0,0,0,0,USA,3BEFIJ
83,03/07/2026,,Round of 32,Spain vs Austria,Spain,Austria,0:00,Los Angeles Stadium,TBD,TBD,0,0,,0,0,0,0,0,0,0,0,0,0,1H,2J
84,03/07/2026,,Round of 32,Portugal vs Ghana,Portugal,Ghana,4:00,Toronto Stadium,TBD,TBD,0,0,,0,0,0,0,0,0,0,0,0,0,2K,2L
85,03/07/2026,,Round of 32,Switzerland vs Algeria,Switzerland,Algeria,8:00,BC Place Vancouver,TBD,TBD,0,0,,0,0,0,0,0,0,0,0,0,0,1B,3EFGIJ
86,03/07/2026,,Round of 32,Australia vs IR Iran,Australia,IR Iran,22:00,Dallas Stadium,TBD,TBD,0,0,,0,0,0,0,0,0,0,0,0,0,2D,2G
87,04/07/2026,,Round of 32,Argentina vs Uruguay,Argentina,Uruguay,3:00,Miami Stadium,TBD,TBD,0,0,,0,0,0,0,0,0,0,0,0,0,Argentina,2H
88,04/07/2026,,Round of 32,Colombia vs Croatia,Colombia,Croatia,6:30,Kansas City Stadium,TBD,TBD,0,0,,0,0,0,0,0,0,0,0,0,0,1K,3DEIJL
89,04/07/2026,,Round of 16,W73 vs W75,W73,W75,22:00,Houston Stadium,TBD,TBD,0,0,,0,0,0,0,0,0,0,0,0,0,W73,W75
90,05/07/2026,,Round of 16,W74 vs W77,W74,W77,2:00,Philadelphia Stadium,TBD,TBD,0,0,,0,0,0,0,0,0,0,0,0,0,W74,W77
91,06/07/2026,,Round of 16,W76 vs W78,W76,W78,1:00,New York New Jersey Stadium,TBD,TBD,0,0,,0,0,0,0,0,0,0,0,0,0,W76,W78
92,06/07/2026,,Round of 16,W79 vs W80,W79,W80,5:00,Mexico City Stadium,TBD,TBD,0,0,,0,0,0,0,0,0,0,0,0,0,W79,W80
93,07/07/2026,,Round of 16,W83 vs W84,W83,W84,0:00,Dallas Stadium,TBD,TBD,0,0,,0,0,0,0,0,0,0,0,0,0,W83,W84
94,07/07/2026,,Round of 16,W81 vs W82,W81,W82,5:00,Seattle Stadium,TBD,TBD,0,0,,0,0,0,0,0,0,0,0,0,0,W81,W82
95,07/07/2026,,Round of 16,W86 vs W88,W86,W88,21:00,Atlanta Stadium,TBD,TBD,0,0,,0,0,0,0,0,0,0,0,0,0,W86,W88
96,08/07/2026,,Round of 16,W85 vs W87,W85,W87,1:00,BC Place Vancouver,TBD,TBD,0,0,,0,0,0,0,0,0,0,0,0,0,W85,W87
97,10/07/2026,,Quarter-final,W89 vs W90,W89,W90,1:00,Boston Stadium,TBD,TBD,0,0,,0,0,0,0,0,0,0,0,0,0,W89,W90
98,11/07/2026,,Quarter-final,W93 vs W94,W93,W94,0:00,Los Angeles Stadium,TBD,TBD,0,0,,0,0,0,0,0,0,0,0,0,0,W93,W94
99,12/07/2026,,Quarter-final,W91 vs W92,W91,W92,2:00,Miami Stadium,TBD,TBD,0,0,,0,0,0,0,0,0,0,0,0,0,W91,W92
100,12/07/2026,,Quarter-final,W95 vs W96,W95,W96,6:00,Kansas City Stadium,TBD,TBD,0,0,,0,0,0,0,0,0,0,0,0,0,W95,W96
101,15/07/2026,,Semi-final,W97 vs W98,W97,W98,0:00,Dallas Stadium,TBD,TBD,0,0,,0,0,0,0,0,0,0,0,0,0,W97,W98
102,16/07/2026,,Semi-final,W99 vs W100,W99,W100,0:00,Atlanta Stadium,TBD,TBD,0,0,,0,0,0,0,0,0,0,0,0,0,W99,W100
103,19/07/2026,,Play-off for third place,L101 vs L102,L101,L102,2:00,Miami Stadium,TBD,TBD,0,0,,0,0,0,0,0,0,0,0,0,0,L101,L102
104,20/07/2026,,Final,W101 vs W102,W101,W102,0:00,New York New Jersey Stadium,TBD,TBD,0,0,,0,0,0,0,0,0,0,0,0,0,W101,W102
